1,Brad Faiers,Mysore,27122
2,Alverta Duffrie,Mysore,72857
3,Karylin Satterley,Pune,52895
4,Eula Yegorov,Mangalore,93222
5,Justinn Luety,Mumbai,56580
6,Kristy Whitelock,Pune,66249
7,Anetta Lilburn,Dharwad,68802
8,Janeen Cottingham,Hyderabad,79450
9,Rheba Rouby,Mumbai,98785
10,Alwyn Ballantyne,Pune,76634
11,Gizela Pratt,Hyderabad,92207
12,Wilek Hathorn,Mumbai,63078
13,Zacharia Ivanenkov,Bangalore,63280
14,Fleurette Lipscomb,Delhi,79026
15,Winthrop Chazelas,Mangalore,73803
16,Barnabe Sired,Bangalore,89513
17,Daveta Dunstone,Hyderabad,79895
18,Paulina Madge,Chennai,67234
19,Cass Simmank,Mangalore,39691
20,Nataniel Bernollet,Hyderabad,53158
21,Rafael Wesley,Bangalore,61956
22,Nestor Suddards,Dharwad,51188
23,Rhody McHarry,Pune,56472
24,Courtney McCorrie,Hyderabad,58738
25,Alissa Krale,Chennai,71468
26,Terra McCorry,Pune,97354
27,Shep Hogsden,Mangalore,38941
28,Gage Matchell,Pune,33456
29,Guillemette Baiss,Chennai,98998
30,Colas Yeomans,Delhi,88306
31,Daniele Coopper,Mumbai,63574
32,Emmie Perring,Mysore,31373
33,Noell Lucius,Mumbai,43395
34,Mahalia Spaxman,Mumbai,59816
35,Jackson Crocumbe,Pune,54594
36,Mendel Roth,Mysore,59347
37,Linn Tukesby,Chennai,26987
38,Celestyna Sturridge,Vadodara,57857
39,Roda Coping,Delhi,64515
40,Boote Mazonowicz,Hyderabad,92212
41,Ky Cranefield,Pune,94670
42,Susanna Shurrock,Pune,74192
43,Yelena Dunnion,Mangalore,74524
44,Ailene Peat,Hyderabad,73391
45,Dorie Fuller,Delhi,69252
46,Clemmie Crowley,Vadodara,64362
47,Vanya Haveline,Chennai,86228
48,Konstanze Burrells,Mysore,91650
49,Hastie Ladon,Delhi,35489
50,Latia Thornally,Vadodara,30195
51,Birdie Boule,Vadodara,65726
52,Jozef Everington,Mumbai,73409
53,Merwin Simonard,Dharwad,92331
54,Emlyn Duckett,Dharwad,70590
55,Rosco Goodlip,Chennai,29753
56,Micheal Sprason,Hyderabad,77146
57,Greg Schober,Dharwad,79424
58,Gisella Donati,Hyderabad,29626
59,Lennard Hanstock,Mysore,94311
60,Barnie Zanioletti,Mumbai,51918
61,Arther Rosson,Pune,51324
62,Athene Viger,Vadodara,54716
63,Lissie Stockill,Delhi,63322
64,Clovis Pocknell,Chennai,49610
65,Avrom MacCleay,Hyderabad,38707
66,Ramonda Dyzart,Mysore,52058
67,Torre Durnin,Hyderabad,54690
68,Lynnelle Ritelli,Mangalore,26261
69,Clywd Arckoll,Mysore,89922
70,Salaidh Haldin,Pune,88366
71,Steffane Huncote,Mysore,39430
72,Standford Week,Mumbai,98574
73,Giselbert Hardistry,Mysore,30824
74,Erastus Applebee,Vadodara,42364
75,Abbot Priter,Bangalore,59103
76,Von Peealess,Pune,80950
77,Doralynne Welch,Mysore,72860
78,Keriann Adolfsen,Hyderabad,91183
79,Lyn Sinclar,Delhi,85826
80,Berke Johnson,Mysore,58604
81,Abba Yaakov,Mangalore,96583
82,Nicolina McDiarmid,Bangalore,53785
83,Tristan Lauridsen,Dharwad,54946
84,Wynne Hearne,Vadodara,50954
85,Tristam Issakov,Chennai,38078
86,Julius Coomes,Vadodara,73073
87,Arlee Wardale,Mangalore,58845
88,Bear Cardis,Pune,59190
89,Avrom Compford,Mysore,95964
90,Rebeca Winchurch,Bangalore,97566
91,Estel Baterip,Mumbai,83070
92,Meta Kleisle,Vadodara,45874
93,Henriette Shelmerdine,Vadodara,83645
94,Morgen Godart,Hyderabad,46703
95,Ephraim Easterbrook,Vadodara,69581
96,Urbain Blanking,Delhi,62893
97,Phaidra Bail,Delhi,60839
98,Bernetta Tesoe,Vadodara,76843
99,Rafaelita Gerault,Mumbai,92830
100,Faydra Haversham,Hyderabad,64882
101,Jedediah Gann,Mysore,29565
102,Luci Houtby,Dharwad,47493
103,Roxie Poile,Vadodara,61936
104,Gabriel Dodsworth,Chennai,94079
105,Tina Street,Hyderabad,81744
106,Thadeus Oliphant,Mangalore,38100
107,Bunny Mitchelhill,Pune,42555
108,Gavrielle Sawer,Mangalore,38650
109,Wallie Fairbank,Dharwad,37460
110,Starlene Kelk,Bangalore,99637
111,Lynnette Lampart,Bangalore,44560
112,Lindie Cuddon,Dharwad,78050
113,Vince Ralfe,Mysore,96735
114,Sauveur Abadam,Dharwad,86693
115,Saw Brattell,Mangalore,38188
116,Perri Lukianovich,Mangalore,81787
117,Juline Heaker,Delhi,42016
118,Valdemar Newman,Dharwad,89188
119,Erl Heardman,Mysore,95907
120,Emanuele Manser,Pune,64117
121,Tab Tuma,Hyderabad,31611
122,Teri Rothschild,Vadodara,46216
123,Sancho Celiz,Delhi,85028
124,Matti Sueter,Bangalore,49815
125,Johannah Heinish,Mysore,35581
126,Penelopa Shearwood,Mangalore,60068
127,Mariel Limpkin,Mumbai,50520
128,Donn Porker,Vadodara,71117
129,Juditha Buffy,Delhi,90958
130,Con Heiden,Mysore,38680
131,Olag Miles,Bangalore,79266
132,Alicea Careless,Mysore,48821
133,Basilius Asp,Delhi,76966
134,Raphael Whisson,Chennai,90556
135,Marlene Rumgay,Mumbai,63372
136,Jerrie Ladel,Hyderabad,56806
137,Cullin O'Cannon,Pune,52501
138,Shaughn Squirrel,Dharwad,77831
139,Hans Whinray,Bangalore,63067
140,Isadora Cains,Vadodara,53134
141,Cad Gerriets,Mysore,98920
142,Doro Wadsworth,Pune,41919
143,Devon Hart,Dharwad,38502
144,Cris Studdeard,Hyderabad,88669
145,Nolan Anderson,Pune,98697
146,Parsifal Goodband,Dharwad,77393
147,Olvan McIndrew,Mysore,39286
148,Sibilla Carbert,Mangalore,42384
149,Celestia Cockland,Bangalore,45221
150,Gayle Ambrozewicz,Mangalore,40907
151,Angelia Harpham,Bangalore,83033
152,Willetta Woloschinski,Pune,81496
153,Mattie Potier,Delhi,62689
154,Kaylyn Mumbray,Pune,51704
155,Seumas Mulliner,Bangalore,33890
156,Bartie Mirfin,Mumbai,26647
157,Christa Durnian,Vadodara,70742
158,Turner Brant,Mysore,45794
159,Kirsti Lakes,Chennai,62037
160,Ethyl Duerden,Delhi,77333
161,Bev Goshawk,Vadodara,54645
162,Elbertine Frango,Mysore,40321
163,Niki Odell,Mangalore,40652
164,Ethel Bravington,Mangalore,36139
165,Mirelle Waddoups,Mumbai,62136
166,Beulah Bandiera,Chennai,99273
167,Hinze Romaines,Delhi,42396
168,Nobe Fiddiman,Hyderabad,55104
169,Bobby Keyse,Mumbai,52761
170,Carroll Standall,Mysore,70720
171,Bastian Lessmare,Mysore,33162
172,Ailbert Machent,Vadodara,59296
173,Ulises Commin,Hyderabad,49219
174,Adore Bullivent,Hyderabad,64724
175,Bethena Grushin,Mysore,28687
176,Eran Smithson,Mumbai,29646
177,Galvan Mabone,Pune,45073
178,Maddy Milhench,Hyderabad,38565
179,Claudetta Grandison,Hyderabad,92771
180,Emmy Kalkhoven,Dharwad,27318
181,Filberto Gladdolph,Chennai,95246
182,Marcelia Gilson,Mysore,55303
183,Carol Browne,Dharwad,90910
184,Liv Scrancher,Mangalore,67627
185,Melanie Duval,Chennai,64610
186,Lydie Roney,Mangalore,96144
187,Jodee Mayou,Vadodara,96416
188,Iosep O' Meara,Mumbai,29169
189,Phillis Bringloe,Mangalore,57594
190,Roxy Ovitz,Vadodara,89843
191,Josi Mayou,Mangalore,70959
192,Merrili Bertie,Bangalore,43065
193,Neysa Leuren,Dharwad,60452
194,Celina Recher,Pune,61523
195,Constantina Legonidec,Delhi,91753
196,Kellby Arrow,Mumbai,41706
197,Lanita Nizet,Pune,75814
198,Dredi Euels,Vadodara,52805
199,Burgess Hamerton,Mysore,59420
200,Nanon Gosford,Pune,84598
